process_name,product_system_id,ref_amount,impact_category,impact_value,impact_unit,database,method
"Electricity grid mix 1kV-60kV, EU-27",ec89a1ec-333b-4809-badd-c60189ce7f7e,1,"Resource use, minerals and metals",9.117371497385295e-10,kg Sb eq,ELCD 3.2,EF 3.0 Method (adapted)
"Electricity grid mix 1kV-60kV, EU-27",ec89a1ec-333b-4809-badd-c60189ce7f7e,1,Photochemical ozone formation,0.001607790123261938,kg NMVOC eq,ELCD 3.2,EF 3.0 Method (adapted)
"Electricity grid mix 1kV-60kV, EU-27",ec89a1ec-333b-4809-badd-c60189ce7f7e,1,"Human toxicity, non-cancer - inorganics",3.448433036300394e-10,CTUh,ELCD 3.2,EF 3.0 Method (adapted)
"Electricity grid mix 1kV-60kV, EU-27",ec89a1ec-333b-4809-badd-c60189ce7f7e,1,"Human toxicity, non-cancer",6.527399661437006e-09,CTUh,ELCD 3.2,EF 3.0 Method (adapted)
"Electricity grid mix 1kV-60kV, EU-27",ec89a1ec-333b-4809-badd-c60189ce7f7e,1,"Resource use, fossils",10.830217832520665,MJ,ELCD 3.2,EF 3.0 Method (adapted)
"Electricity grid mix 1kV-60kV, EU-27",ec89a1ec-333b-4809-badd-c60189ce7f7e,1,"Ecotoxicity, freshwater",1.1011918448645366,CTUe,ELCD 3.2,EF 3.0 Method (adapted)
"Electricity grid mix 1kV-60kV, EU-27",ec89a1ec-333b-4809-badd-c60189ce7f7e,1,"Eutrophication, freshwater",2.2144272746031577e-06,kg P eq,ELCD 3.2,EF 3.0 Method (adapted)
"Electricity grid mix 1kV-60kV, EU-27",ec89a1ec-333b-4809-badd-c60189ce7f7e,1,"Human toxicity, non-cancer - organics",4.942240786985613e-12,CTUh,ELCD 3.2,EF 3.0 Method (adapted)
"Electricity grid mix 1kV-60kV, EU-27",ec89a1ec-333b-4809-badd-c60189ce7f7e,1,Water use,0.0426684668701766,m3 depriv.,ELCD 3.2,EF 3.0 Method (adapted)
"Electricity grid mix 1kV-60kV, EU-27",ec89a1ec-333b-4809-badd-c60189ce7f7e,1,Particulate matter,3.9197761750366806e-08,disease inc.,ELCD 3.2,EF 3.0 Method (adapted)
"Electricity grid mix 1kV-60kV, EU-27",ec89a1ec-333b-4809-badd-c60189ce7f7e,1,Ozone depletion,4.291581110912709e-08,kg CFC11 eq,ELCD 3.2,EF 3.0 Method (adapted)
"Electricity grid mix 1kV-60kV, EU-27",ec89a1ec-333b-4809-badd-c60189ce7f7e,1,Climate change - Fossil,0.9166090099874854,kg CO2 eq,ELCD 3.2,EF 3.0 Method (adapted)
"Electricity grid mix 1kV-60kV, EU-27",ec89a1ec-333b-4809-badd-c60189ce7f7e,1,"Ecotoxicity, freshwater - organics",0.006310314844565141,CTUe,ELCD 3.2,EF 3.0 Method (adapted)
"Electricity grid mix 1kV-60kV, EU-27",ec89a1ec-333b-4809-badd-c60189ce7f7e,1,"Human toxicity, cancer - organics",2.3159763553605394e-11,CTUh,ELCD 3.2,EF 3.0 Method (adapted)
"Electricity grid mix 1kV-60kV, EU-27",ec89a1ec-333b-4809-badd-c60189ce7f7e,1,"Human toxicity, non-cancer - metals",6.177614117019979e-09,CTUh,ELCD 3.2,EF 3.0 Method (adapted)
"Electricity grid mix 1kV-60kV, EU-27",ec89a1ec-333b-4809-badd-c60189ce7f7e,1,"Eutrophication, marine",0.0005537192501404108,kg N eq,ELCD 3.2,EF 3.0 Method (adapted)
"Electricity grid mix 1kV-60kV, EU-27",ec89a1ec-333b-4809-badd-c60189ce7f7e,1,Climate change - Biogenic,0.0,kg CO2 eq,ELCD 3.2,EF 3.0 Method (adapted)
"Electricity grid mix 1kV-60kV, EU-27",ec89a1ec-333b-4809-badd-c60189ce7f7e,1,"Human toxicity, cancer",4.5000328748902917e-10,CTUh,ELCD 3.2,EF 3.0 Method (adapted)
"Electricity grid mix 1kV-60kV, EU-27",ec89a1ec-333b-4809-badd-c60189ce7f7e,1,"Eutrophication, terrestrial",0.006838869781504769,mol N eq,ELCD 3.2,EF 3.0 Method (adapted)
"Electricity grid mix 1kV-60kV, EU-27",ec89a1ec-333b-4809-badd-c60189ce7f7e,1,"Ecotoxicity, freshwater - metals",0.7599517639286216,CTUe,ELCD 3.2,EF 3.0 Method (adapted)
"Electricity grid mix 1kV-60kV, EU-27",ec89a1ec-333b-4809-badd-c60189ce7f7e,1,Acidification,0.0051777264777845625,mol H+ eq,ELCD 3.2,EF 3.0 Method (adapted)
"Electricity grid mix 1kV-60kV, EU-27",ec89a1ec-333b-4809-badd-c60189ce7f7e,1,Land use,0.07222920628287437,Pt,ELCD 3.2,EF 3.0 Method (adapted)
"Electricity grid mix 1kV-60kV, EU-27",ec89a1ec-333b-4809-badd-c60189ce7f7e,1,"Human toxicity, cancer - inorganics",0.0,CTUh,ELCD 3.2,EF 3.0 Method (adapted)
"Electricity grid mix 1kV-60kV, EU-27",ec89a1ec-333b-4809-badd-c60189ce7f7e,1,Climate change - Land use and LU change,0.0,kg CO2 eq,ELCD 3.2,EF 3.0 Method (adapted)
"Electricity grid mix 1kV-60kV, EU-27",ec89a1ec-333b-4809-badd-c60189ce7f7e,1,Ionising radiation,0.08602136401166804,kBq U-235 eq,ELCD 3.2,EF 3.0 Method (adapted)
"Electricity grid mix 1kV-60kV, EU-27",ec89a1ec-333b-4809-badd-c60189ce7f7e,1,"Human toxicity, cancer - metals",4.268435239354237e-10,CTUh,ELCD 3.2,EF 3.0 Method (adapted)
"Electricity grid mix 1kV-60kV, EU-27",ec89a1ec-333b-4809-badd-c60189ce7f7e,1,Climate change,0.9166090099874855,kg CO2 eq,ELCD 3.2,EF 3.0 Method (adapted)
"Electricity grid mix 1kV-60kV, EU-27",ec89a1ec-333b-4809-badd-c60189ce7f7e,1,"Ecotoxicity, freshwater - inorganics",0.33492976609135056,CTUe,ELCD 3.2,EF 3.0 Method (adapted)
"Aluminium sheet, primary production",25aadff9-1289-498a-b975-9e1bbd10662a,1,"Resource use, minerals and metals",3.1640575884281473e-09,kg Sb eq,ELCD 3.2,EF 3.0 Method (adapted)
"Aluminium sheet, primary production",25aadff9-1289-498a-b975-9e1bbd10662a,1,Photochemical ozone formation,0.021492672792221026,kg NMVOC eq,ELCD 3.2,EF 3.0 Method (adapted)
"Aluminium sheet, primary production",25aadff9-1289-498a-b975-9e1bbd10662a,1,"Human toxicity, non-cancer - inorganics",5.1538005946013945e-09,CTUh,ELCD 3.2,EF 3.0 Method (adapted)
"Aluminium sheet, primary production",25aadff9-1289-498a-b975-9e1bbd10662a,1,"Human toxicity, non-cancer",9.480519566007674e-08,CTUh,ELCD 3.2,EF 3.0 Method (adapted)
"Aluminium sheet, primary production",25aadff9-1289-498a-b975-9e1bbd10662a,1,"Resource use, fossils",140.05220388634513,MJ,ELCD 3.2,EF 3.0 Method (adapted)
"Aluminium sheet, primary production",25aadff9-1289-498a-b975-9e1bbd10662a,1,"Ecotoxicity, freshwater",12.505642689912698,CTUe,ELCD 3.2,EF 3.0 Method (adapted)
"Aluminium sheet, primary production",25aadff9-1289-498a-b975-9e1bbd10662a,1,"Eutrophication, freshwater",2.579150204845162e-05,kg P eq,ELCD 3.2,EF 3.0 Method (adapted)
"Aluminium sheet, primary production",25aadff9-1289-498a-b975-9e1bbd10662a,1,"Human toxicity, non-cancer - organics",1.2930788172870874e-10,CTUh,ELCD 3.2,EF 3.0 Method (adapted)
"Aluminium sheet, primary production",25aadff9-1289-498a-b975-9e1bbd10662a,1,Water use,-0.31411075716029524,m3 depriv.,ELCD 3.2,EF 3.0 Method (adapted)
"Aluminium sheet, primary production",25aadff9-1289-498a-b975-9e1bbd10662a,1,Particulate matter,5.290604336430795e-07,disease inc.,ELCD 3.2,EF 3.0 Method (adapted)
"Aluminium sheet, primary production",25aadff9-1289-498a-b975-9e1bbd10662a,1,Ozone depletion,7.087988120001181e-07,kg CFC11 eq,ELCD 3.2,EF 3.0 Method (adapted)
"Aluminium sheet, primary production",25aadff9-1289-498a-b975-9e1bbd10662a,1,Climate change - Fossil,12.15648629469507,kg CO2 eq,ELCD 3.2,EF 3.0 Method (adapted)
"Aluminium sheet, primary production",25aadff9-1289-498a-b975-9e1bbd10662a,1,"Ecotoxicity, freshwater - organics",0.5801932781229082,CTUe,ELCD 3.2,EF 3.0 Method (adapted)
"Aluminium sheet, primary production",25aadff9-1289-498a-b975-9e1bbd10662a,1,"Human toxicity, cancer - organics",2.636576080324512e-08,CTUh,ELCD 3.2,EF 3.0 Method (adapted)
"Aluminium sheet, primary production",25aadff9-1289-498a-b975-9e1bbd10662a,1,"Human toxicity, non-cancer - metals",8.952208718374667e-08,CTUh,ELCD 3.2,EF 3.0 Method (adapted)
"Aluminium sheet, primary production",25aadff9-1289-498a-b975-9e1bbd10662a,1,"Eutrophication, marine",0.007146370709884419,kg N eq,ELCD 3.2,EF 3.0 Method (adapted)
"Aluminium sheet, primary production",25aadff9-1289-498a-b975-9e1bbd10662a,1,Climate change - Biogenic,0.0,kg CO2 eq,ELCD 3.2,EF 3.0 Method (adapted)
"Aluminium sheet, primary production",25aadff9-1289-498a-b975-9e1bbd10662a,1,"Human toxicity, cancer",3.138236028492739e-08,CTUh,ELCD 3.2,EF 3.0 Method (adapted)
"Aluminium sheet, primary production",25aadff9-1289-498a-b975-9e1bbd10662a,1,"Eutrophication, terrestrial",0.08705134891392864,mol N eq,ELCD 3.2,EF 3.0 Method (adapted)
"Aluminium sheet, primary production",25aadff9-1289-498a-b975-9e1bbd10662a,1,"Ecotoxicity, freshwater - metals",9.440536642787501,CTUe,ELCD 3.2,EF 3.0 Method (adapted)
"Aluminium sheet, primary production",25aadff9-1289-498a-b975-9e1bbd10662a,1,Acidification,0.06812069106171989,mol H+ eq,ELCD 3.2,EF 3.0 Method (adapted)
"Aluminium sheet, primary production",25aadff9-1289-498a-b975-9e1bbd10662a,1,Land use,0.0,Pt,ELCD 3.2,EF 3.0 Method (adapted)
"Aluminium sheet, primary production",25aadff9-1289-498a-b975-9e1bbd10662a,1,"Human toxicity, cancer - inorganics",0.0,CTUh,ELCD 3.2,EF 3.0 Method (adapted)
"Aluminium sheet, primary production",25aadff9-1289-498a-b975-9e1bbd10662a,1,Climate change - Land use and LU change,0.0,kg CO2 eq,ELCD 3.2,EF 3.0 Method (adapted)
"Aluminium sheet, primary production",25aadff9-1289-498a-b975-9e1bbd10662a,1,Ionising radiation,1.119373868028138,kBq U-235 eq,ELCD 3.2,EF 3.0 Method (adapted)
"Aluminium sheet, primary production",25aadff9-1289-498a-b975-9e1bbd10662a,1,"Human toxicity, cancer - metals",5.016599481682265e-09,CTUh,ELCD 3.2,EF 3.0 Method (adapted)
"Aluminium sheet, primary production",25aadff9-1289-498a-b975-9e1bbd10662a,1,Climate change,12.15648629469507,kg CO2 eq,ELCD 3.2,EF 3.0 Method (adapted)
"Aluminium sheet, primary production",25aadff9-1289-498a-b975-9e1bbd10662a,1,"Ecotoxicity, freshwater - inorganics",2.4849127690022885,CTUe,ELCD 3.2,EF 3.0 Method (adapted)
"Steel hot rolled coil, blast furnace route",9292fbdc-c04e-4e94-8e87-f88d36b24019,1,"Resource use, minerals and metals",0.0,kg Sb eq,ELCD 3.2,EF 3.0 Method (adapted)
"Steel hot rolled coil, blast furnace route",9292fbdc-c04e-4e94-8e87-f88d36b24019,1,Photochemical ozone formation,0.0014462331957,kg NMVOC eq,ELCD 3.2,EF 3.0 Method (adapted)
"Steel hot rolled coil, blast furnace route",9292fbdc-c04e-4e94-8e87-f88d36b24019,1,"Human toxicity, non-cancer - inorganics",1.1480236000000002e-11,CTUh,ELCD 3.2,EF 3.0 Method (adapted)
"Steel hot rolled coil, blast furnace route",9292fbdc-c04e-4e94-8e87-f88d36b24019,1,"Human toxicity, non-cancer",1.69038052264e-08,CTUh,ELCD 3.2,EF 3.0 Method (adapted)
"Steel hot rolled coil, blast furnace route",9292fbdc-c04e-4e94-8e87-f88d36b24019,1,"Resource use, fossils",9.687956098677398,MJ,ELCD 3.2,EF 3.0 Method (adapted)
"Steel hot rolled coil, blast furnace route",9292fbdc-c04e-4e94-8e87-f88d36b24019,1,"Ecotoxicity, freshwater",0.286508779298,CTUe,ELCD 3.2,EF 3.0 Method (adapted)
"Steel hot rolled coil, blast furnace route",9292fbdc-c04e-4e94-8e87-f88d36b24019,1,"Eutrophication, freshwater",5.091537000000001e-06,kg P eq,ELCD 3.2,EF 3.0 Method (adapted)
"Steel hot rolled coil, blast furnace route",9292fbdc-c04e-4e94-8e87-f88d36b24019,1,"Human toxicity, non-cancer - organics",7.568e-13,CTUh,ELCD 3.2,EF 3.0 Method (adapted)
"Steel hot rolled coil, blast furnace route",9292fbdc-c04e-4e94-8e87-f88d36b24019,1,Water use,0.0,m3 depriv.,ELCD 3.2,EF 3.0 Method (adapted)
"Steel hot rolled coil, blast furnace route",9292fbdc-c04e-4e94-8e87-f88d36b24019,1,Particulate matter,1.0715351999999998e-08,disease inc.,ELCD 3.2,EF 3.0 Method (adapted)
"Steel hot rolled coil, blast furnace route",9292fbdc-c04e-4e94-8e87-f88d36b24019,1,Ozone depletion,0.0,kg CFC11 eq,ELCD 3.2,EF 3.0 Method (adapted)
"Steel hot rolled coil, blast furnace route",9292fbdc-c04e-4e94-8e87-f88d36b24019,1,Climate change - Fossil,0.9580052603,kg CO2 eq,ELCD 3.2,EF 3.0 Method (adapted)
"Steel hot rolled coil, blast furnace route",9292fbdc-c04e-4e94-8e87-f88d36b24019,1,"Ecotoxicity, freshwater - organics",1.2874848e-05,CTUe,ELCD 3.2,EF 3.0 Method (adapted)
"Steel hot rolled coil, blast furnace route",9292fbdc-c04e-4e94-8e87-f88d36b24019,1,"Human toxicity, cancer - organics",5.663175e-10,CTUh,ELCD 3.2,EF 3.0 Method (adapted)
"Steel hot rolled coil, blast furnace route",9292fbdc-c04e-4e94-8e87-f88d36b24019,1,"Human toxicity, non-cancer - metals",1.68915681904e-08,CTUh,ELCD 3.2,EF 3.0 Method (adapted)
"Steel hot rolled coil, blast furnace route",9292fbdc-c04e-4e94-8e87-f88d36b24019,1,"Eutrophication, marine",0.00055263894,kg N eq,ELCD 3.2,EF 3.0 Method (adapted)
"Steel hot rolled coil, blast furnace route",9292fbdc-c04e-4e94-8e87-f88d36b24019,1,Climate change - Biogenic,0.0,kg CO2 eq,ELCD 3.2,EF 3.0 Method (adapted)
"Steel hot rolled coil, blast furnace route",9292fbdc-c04e-4e94-8e87-f88d36b24019,1,"Human toxicity, cancer",8.9063907277e-10,CTUh,ELCD 3.2,EF 3.0 Method (adapted)
"Steel hot rolled coil, blast furnace route",9292fbdc-c04e-4e94-8e87-f88d36b24019,1,"Eutrophication, terrestrial",0.005792151599999999,mol N eq,ELCD 3.2,EF 3.0 Method (adapted)
"Steel hot rolled coil, blast furnace route",9292fbdc-c04e-4e94-8e87-f88d36b24019,1,"Ecotoxicity, freshwater - metals",0.025612011849999998,CTUe,ELCD 3.2,EF 3.0 Method (adapted)
"Steel hot rolled coil, blast furnace route",9292fbdc-c04e-4e94-8e87-f88d36b24019,1,Acidification,0.00240455637,mol H+ eq,ELCD 3.2,EF 3.0 Method (adapted)
"Steel hot rolled coil, blast furnace route",9292fbdc-c04e-4e94-8e87-f88d36b24019,1,Land use,0.0,Pt,ELCD 3.2,EF 3.0 Method (adapted)
"Steel hot rolled coil, blast furnace route",9292fbdc-c04e-4e94-8e87-f88d36b24019,1,"Human toxicity, cancer - inorganics",0.0,CTUh,ELCD 3.2,EF 3.0 Method (adapted)
"Steel hot rolled coil, blast furnace route",9292fbdc-c04e-4e94-8e87-f88d36b24019,1,Climate change - Land use and LU change,0.0,kg CO2 eq,ELCD 3.2,EF 3.0 Method (adapted)
"Steel hot rolled coil, blast furnace route",9292fbdc-c04e-4e94-8e87-f88d36b24019,1,Ionising radiation,0.0,kBq U-235 eq,ELCD 3.2,EF 3.0 Method (adapted)
"Steel hot rolled coil, blast furnace route",9292fbdc-c04e-4e94-8e87-f88d36b24019,1,"Human toxicity, cancer - metals",3.2432157277e-10,CTUh,ELCD 3.2,EF 3.0 Method (adapted)
"Steel hot rolled coil, blast furnace route",9292fbdc-c04e-4e94-8e87-f88d36b24019,1,Climate change,0.9580052603,kg CO2 eq,ELCD 3.2,EF 3.0 Method (adapted)
"Steel hot rolled coil, blast furnace route",9292fbdc-c04e-4e94-8e87-f88d36b24019,1,"Ecotoxicity, freshwater - inorganics",0.2608838926,CTUe,ELCD 3.2,EF 3.0 Method (adapted)
Continuous filament glass fibre,4350ec24-f638-4ced-aad5-e489d082931d,1,"Resource use, minerals and metals",1.0514234242522068e-07,kg Sb eq,ELCD 3.2,EF 3.0 Method (adapted)
Continuous filament glass fibre,4350ec24-f638-4ced-aad5-e489d082931d,1,Photochemical ozone formation,0.00525327567630682,kg NMVOC eq,ELCD 3.2,EF 3.0 Method (adapted)
Continuous filament glass fibre,4350ec24-f638-4ced-aad5-e489d082931d,1,"Human toxicity, non-cancer - inorganics",1.7638870419065695e-09,CTUh,ELCD 3.2,EF 3.0 Method (adapted)
Continuous filament glass fibre,4350ec24-f638-4ced-aad5-e489d082931d,1,"Human toxicity, non-cancer",7.876531500472513e-09,CTUh,ELCD 3.2,EF 3.0 Method (adapted)
Continuous filament glass fibre,4350ec24-f638-4ced-aad5-e489d082931d,1,"Resource use, fossils",25.731162840008356,MJ,ELCD 3.2,EF 3.0 Method (adapted)
Continuous filament glass fibre,4350ec24-f638-4ced-aad5-e489d082931d,1,"Ecotoxicity, freshwater",42.396299128460434,CTUe,ELCD 3.2,EF 3.0 Method (adapted)
Continuous filament glass fibre,4350ec24-f638-4ced-aad5-e489d082931d,1,"Eutrophication, freshwater",2.074534850865847e-05,kg P eq,ELCD 3.2,EF 3.0 Method (adapted)
Continuous filament glass fibre,4350ec24-f638-4ced-aad5-e489d082931d,1,"Human toxicity, non-cancer - organics",3.133736355522316e-10,CTUh,ELCD 3.2,EF 3.0 Method (adapted)
Continuous filament glass fibre,4350ec24-f638-4ced-aad5-e489d082931d,1,Water use,0.1767087275223846,m3 depriv.,ELCD 3.2,EF 3.0 Method (adapted)
Continuous filament glass fibre,4350ec24-f638-4ced-aad5-e489d082931d,1,Particulate matter,4.1387232072700275e-08,disease inc.,ELCD 3.2,EF 3.0 Method (adapted)
Continuous filament glass fibre,4350ec24-f638-4ced-aad5-e489d082931d,1,Ozone depletion,1.8544303529679454e-07,kg CFC11 eq,ELCD 3.2,EF 3.0 Method (adapted)
Continuous filament glass fibre,4350ec24-f638-4ced-aad5-e489d082931d,1,Climate change - Fossil,2.055177917135946,kg CO2 eq,ELCD 3.2,EF 3.0 Method (adapted)
Continuous filament glass fibre,4350ec24-f638-4ced-aad5-e489d082931d,1,"Ecotoxicity, freshwater - organics",0.36532271631283736,CTUe,ELCD 3.2,EF 3.0 Method (adapted)
Continuous filament glass fibre,4350ec24-f638-4ced-aad5-e489d082931d,1,"Human toxicity, cancer - organics",1.875506355535363e-10,CTUh,ELCD 3.2,EF 3.0 Method (adapted)
Continuous filament glass fibre,4350ec24-f638-4ced-aad5-e489d082931d,1,"Human toxicity, non-cancer - metals",5.799270823013716e-09,CTUh,ELCD 3.2,EF 3.0 Method (adapted)
Continuous filament glass fibre,4350ec24-f638-4ced-aad5-e489d082931d,1,"Eutrophication, marine",0.0025299747873894925,kg N eq,ELCD 3.2,EF 3.0 Method (adapted)
Continuous filament glass fibre,4350ec24-f638-4ced-aad5-e489d082931d,1,Climate change - Biogenic,0.0,kg CO2 eq,ELCD 3.2,EF 3.0 Method (adapted)
Continuous filament glass fibre,4350ec24-f638-4ced-aad5-e489d082931d,1,"Human toxicity, cancer",3.308002291309919e-10,CTUh,ELCD 3.2,EF 3.0 Method (adapted)
Continuous filament glass fibre,4350ec24-f638-4ced-aad5-e489d082931d,1,"Eutrophication, terrestrial",0.020064222379234435,mol N eq,ELCD 3.2,EF 3.0 Method (adapted)
Continuous filament glass fibre,4350ec24-f638-4ced-aad5-e489d082931d,1,"Ecotoxicity, freshwater - metals",38.79641378304608,CTUe,ELCD 3.2,EF 3.0 Method (adapted)
Continuous filament glass fibre,4350ec24-f638-4ced-aad5-e489d082931d,1,Acidification,0.003496207031753441,mol H+ eq,ELCD 3.2,EF 3.0 Method (adapted)
Continuous filament glass fibre,4350ec24-f638-4ced-aad5-e489d082931d,1,Land use,0.0,Pt,ELCD 3.2,EF 3.0 Method (adapted)
Continuous filament glass fibre,4350ec24-f638-4ced-aad5-e489d082931d,1,"Human toxicity, cancer - inorganics",1.159093563392912e-15,CTUh,ELCD 3.2,EF 3.0 Method (adapted)
Continuous filament glass fibre,4350ec24-f638-4ced-aad5-e489d082931d,1,Climate change - Land use and LU change,0.0,kg CO2 eq,ELCD 3.2,EF 3.0 Method (adapted)
Continuous filament glass fibre,4350ec24-f638-4ced-aad5-e489d082931d,1,Ionising radiation,0.9499066849666343,kBq U-235 eq,ELCD 3.2,EF 3.0 Method (adapted)
Continuous filament glass fibre,4350ec24-f638-4ced-aad5-e489d082931d,1,"Human toxicity, cancer - metals",1.432484344838921e-10,CTUh,ELCD 3.2,EF 3.0 Method (adapted)
Continuous filament glass fibre,4350ec24-f638-4ced-aad5-e489d082931d,1,Climate change,2.055177917135946,kg CO2 eq,ELCD 3.2,EF 3.0 Method (adapted)
Continuous filament glass fibre,4350ec24-f638-4ced-aad5-e489d082931d,1,"Ecotoxicity, freshwater - inorganics",3.234562629101505,CTUe,ELCD 3.2,EF 3.0 Method (adapted)
"Lorry transport, 22t total weight",27c63efa-7bd2-4596-86a5-4219e963dd6f,1,"Resource use, minerals and metals",8.475596634388793e-13,kg Sb eq,ELCD 3.2,EF 3.0 Method (adapted)
"Lorry transport, 22t total weight",27c63efa-7bd2-4596-86a5-4219e963dd6f,1,Photochemical ozone formation,0.0006014931188920926,kg NMVOC eq,ELCD 3.2,EF 3.0 Method (adapted)
"Lorry transport, 22t total weight",27c63efa-7bd2-4596-86a5-4219e963dd6f,1,"Human toxicity, non-cancer - inorganics",4.641701991226207e-12,CTUh,ELCD 3.2,EF 3.0 Method (adapted)
"Lorry transport, 22t total weight",27c63efa-7bd2-4596-86a5-4219e963dd6f,1,"Human toxicity, non-cancer",1.2798734746533654e-10,CTUh,ELCD 3.2,EF 3.0 Method (adapted)
"Lorry transport, 22t total weight",27c63efa-7bd2-4596-86a5-4219e963dd6f,1,"Resource use, fossils",1.0902929066051938,MJ,ELCD 3.2,EF 3.0 Method (adapted)
"Lorry transport, 22t total weight",27c63efa-7bd2-4596-86a5-4219e963dd6f,1,"Ecotoxicity, freshwater",0.02320031747734308,CTUe,ELCD 3.2,EF 3.0 Method (adapted)
"Lorry transport, 22t total weight",27c63efa-7bd2-4596-86a5-4219e963dd6f,1,"Eutrophication, freshwater",6.435166302284165e-08,kg P eq,ELCD 3.2,EF 3.0 Method (adapted)
"Lorry transport, 22t total weight",27c63efa-7bd2-4596-86a5-4219e963dd6f,1,"Human toxicity, non-cancer - organics",2.2179976046488466e-12,CTUh,ELCD 3.2,EF 3.0 Method (adapted)
"Lorry transport, 22t total weight",27c63efa-7bd2-4596-86a5-4219e963dd6f,1,Water use,-0.0006369854868019647,m3 depriv.,ELCD 3.2,EF 3.0 Method (adapted)
"Lorry transport, 22t total weight",27c63efa-7bd2-4596-86a5-4219e963dd6f,1,Particulate matter,4.4240250278582065e-09,disease inc.,ELCD 3.2,EF 3.0 Method (adapted)
"Lorry transport, 22t total weight",27c63efa-7bd2-4596-86a5-4219e963dd6f,1,Ozone depletion,7.893919696647944e-10,kg CFC11 eq,ELCD 3.2,EF 3.0 Method (adapted)
"Lorry transport, 22t total weight",27c63efa-7bd2-4596-86a5-4219e963dd6f,1,Climate change - Fossil,0.0806420303607817,kg CO2 eq,ELCD 3.2,EF 3.0 Method (adapted)
"Lorry transport, 22t total weight",27c63efa-7bd2-4596-86a5-4219e963dd6f,1,"Ecotoxicity, freshwater - organics",0.0006943851136616779,CTUe,ELCD 3.2,EF 3.0 Method (adapted)
"Lorry transport, 22t total weight",27c63efa-7bd2-4596-86a5-4219e963dd6f,1,"Human toxicity, cancer - organics",5.820447490556661e-13,CTUh,ELCD 3.2,EF 3.0 Method (adapted)
"Lorry transport, 22t total weight",27c63efa-7bd2-4596-86a5-4219e963dd6f,1,"Human toxicity, non-cancer - metals",1.2112764786946148e-10,CTUh,ELCD 3.2,EF 3.0 Method (adapted)
"Lorry transport, 22t total weight",27c63efa-7bd2-4596-86a5-4219e963dd6f,1,"Eutrophication, marine",0.00021800087866629975,kg N eq,ELCD 3.2,EF 3.0 Method (adapted)
"Lorry transport, 22t total weight",27c63efa-7bd2-4596-86a5-4219e963dd6f,1,Climate change - Biogenic,0.0,kg CO2 eq,ELCD 3.2,EF 3.0 Method (adapted)
"Lorry transport, 22t total weight",27c63efa-7bd2-4596-86a5-4219e963dd6f,1,"Human toxicity, cancer",8.782087094639936e-12,CTUh,ELCD 3.2,EF 3.0 Method (adapted)
"Lorry transport, 22t total weight",27c63efa-7bd2-4596-86a5-4219e963dd6f,1,"Eutrophication, terrestrial",0.0024057841433453397,mol N eq,ELCD 3.2,EF 3.0 Method (adapted)
"Lorry transport, 22t total weight",27c63efa-7bd2-4596-86a5-4219e963dd6f,1,"Ecotoxicity, freshwater - metals",0.01752837024350928,CTUe,ELCD 3.2,EF 3.0 Method (adapted)
"Lorry transport, 22t total weight",27c63efa-7bd2-4596-86a5-4219e963dd6f,1,Acidification,0.0005258495348315624,mol H+ eq,ELCD 3.2,EF 3.0 Method (adapted)
"Lorry transport, 22t total weight",27c63efa-7bd2-4596-86a5-4219e963dd6f,1,Land use,0.0,Pt,ELCD 3.2,EF 3.0 Method (adapted)
"Lorry transport, 22t total weight",27c63efa-7bd2-4596-86a5-4219e963dd6f,1,"Human toxicity, cancer - inorganics",0.0,CTUh,ELCD 3.2,EF 3.0 Method (adapted)
"Lorry transport, 22t total weight",27c63efa-7bd2-4596-86a5-4219e963dd6f,1,Climate change - Land use and LU change,0.0,kg CO2 eq,ELCD 3.2,EF 3.0 Method (adapted)
"Lorry transport, 22t total weight",27c63efa-7bd2-4596-86a5-4219e963dd6f,1,Ionising radiation,0.0012470423884145345,kBq U-235 eq,ELCD 3.2,EF 3.0 Method (adapted)
"Lorry transport, 22t total weight",27c63efa-7bd2-4596-86a5-4219e963dd6f,1,"Human toxicity, cancer - metals",8.20004234558427e-12,CTUh,ELCD 3.2,EF 3.0 Method (adapted)
"Lorry transport, 22t total weight",27c63efa-7bd2-4596-86a5-4219e963dd6f,1,Climate change,0.0806420303607817,kg CO2 eq,ELCD 3.2,EF 3.0 Method (adapted)
"Lorry transport, 22t total weight",27c63efa-7bd2-4596-86a5-4219e963dd6f,1,"Ecotoxicity, freshwater - inorganics",0.004977562120172118,CTUe,ELCD 3.2,EF 3.0 Method (adapted)
