code,name,kind
AD,Andorra,country (ISO 3166-1)
AE,United Arab Emirates,country (ISO 3166-1)
AF,Afghanistan,country (ISO 3166-1)
AG,Antigua and Barbuda,country (ISO 3166-1)
AI,Anguilla,country (ISO 3166-1)
AL,Albania,country (ISO 3166-1)
AM,Armenia,country (ISO 3166-1)
AO,Angola,country (ISO 3166-1)
AQ,Antarctica,country (ISO 3166-1)
AR,Argentina,country (ISO 3166-1)
AS,American Samoa,country (ISO 3166-1)
AT,Austria,country (ISO 3166-1)
AU,Australia,country (ISO 3166-1)
AW,Aruba,country (ISO 3166-1)
AX,Åland Islands,country (ISO 3166-1)
AZ,Azerbaijan,country (ISO 3166-1)
BA,Bosnia and Herzegovina,country (ISO 3166-1)
BB,Barbados,country (ISO 3166-1)
BD,Bangladesh,country (ISO 3166-1)
BE,Belgium,country (ISO 3166-1)
BF,Burkina Faso,country (ISO 3166-1)
BG,Bulgaria,country (ISO 3166-1)
BH,Bahrain,country (ISO 3166-1)
BI,Burundi,country (ISO 3166-1)
BJ,Benin,country (ISO 3166-1)
BL,Saint Barthélemy,country (ISO 3166-1)
BM,Bermuda,country (ISO 3166-1)
BN,Brunei Darussalam,country (ISO 3166-1)
BO,Bolivia,country (ISO 3166-1)
BQ,"Bonaire, Sint Eustatius and Saba",country (ISO 3166-1)
BR,Brazil,country (ISO 3166-1)
BS,Bahamas,country (ISO 3166-1)
BT,Bhutan,country (ISO 3166-1)
BV,Bouvet Island,country (ISO 3166-1)
BW,Botswana,country (ISO 3166-1)
BY,Belarus,country (ISO 3166-1)
BZ,Belize,country (ISO 3166-1)
CA,Canada,country (ISO 3166-1)
CC,Cocos (Keeling) Islands,country (ISO 3166-1)
CD,"Congo, The Democratic Republic of the",country (ISO 3166-1)
CENTREL,Central European electricity grid (CENTREL),region or alias (ILCD/EF)
CF,Central African Republic,country (ISO 3166-1)
CG,Congo,country (ISO 3166-1)
CH,Switzerland,country (ISO 3166-1)
CI,Côte d'Ivoire,country (ISO 3166-1)
CK,Cook Islands,country (ISO 3166-1)
CL,Chile,country (ISO 3166-1)
CM,Cameroon,country (ISO 3166-1)
CN,China,country (ISO 3166-1)
CO,Colombia,country (ISO 3166-1)
CR,Costa Rica,country (ISO 3166-1)
CU,Cuba,country (ISO 3166-1)
CV,Cabo Verde,country (ISO 3166-1)
CW,Curaçao,country (ISO 3166-1)
CX,Christmas Island,country (ISO 3166-1)
CY,Cyprus,country (ISO 3166-1)
CZ,Czechia,country (ISO 3166-1)
DE,Germany,country (ISO 3166-1)
DJ,Djibouti,country (ISO 3166-1)
DK,Denmark,country (ISO 3166-1)
DM,Dominica,country (ISO 3166-1)
DO,Dominican Republic,country (ISO 3166-1)
DZ,Algeria,country (ISO 3166-1)
EC,Ecuador,country (ISO 3166-1)
EE,Estonia,country (ISO 3166-1)
EEA,European Economic Area,region or alias (ILCD/EF)
EFTA,European Free Trade Association,region or alias (ILCD/EF)
EG,Egypt,country (ISO 3166-1)
EH,Western Sahara,country (ISO 3166-1)
EL,Greece,region or alias (ILCD/EF)
ENTSO-E,European Network of Transmission System Operators for Electricity,region or alias (ILCD/EF)
ER,Eritrea,country (ISO 3166-1)
ES,Spain,country (ISO 3166-1)
ET,Ethiopia,country (ISO 3166-1)
EU,European Union,region or alias (ILCD/EF)
EU+EFTA+UK,"European Union, European Free Trade Association and United Kingdom",region or alias (ILCD/EF)
EU+UK,European Union and United Kingdom,region or alias (ILCD/EF)
EU-15,European Union (15 member states),region or alias (ILCD/EF)
EU-25,European Union (25 member states),region or alias (ILCD/EF)
EU-27,European Union (27 member states),region or alias (ILCD/EF)
EU-27+EFTA,European Union (27) and European Free Trade Association,region or alias (ILCD/EF)
EU-28,European Union (28 member states),region or alias (ILCD/EF)
EU-28+EFTA,European Union (28) and European Free Trade Association,region or alias (ILCD/EF)
FI,Finland,country (ISO 3166-1)
FJ,Fiji,country (ISO 3166-1)
FK,Falkland Islands (Malvinas),country (ISO 3166-1)
FM,"Micronesia, Federated States of",country (ISO 3166-1)
FO,Faroe Islands,country (ISO 3166-1)
FR,France,country (ISO 3166-1)
GA,Gabon,country (ISO 3166-1)
GB,United Kingdom,country (ISO 3166-1)
GD,Grenada,country (ISO 3166-1)
GE,Georgia,country (ISO 3166-1)
GF,French Guiana,country (ISO 3166-1)
GG,Guernsey,country (ISO 3166-1)
GH,Ghana,country (ISO 3166-1)
GI,Gibraltar,country (ISO 3166-1)
GL,Greenland,country (ISO 3166-1)
GLO,Global,region or alias (ILCD/EF)
GM,Gambia,country (ISO 3166-1)
GN,Guinea,country (ISO 3166-1)
GP,Guadeloupe,country (ISO 3166-1)
GQ,Equatorial Guinea,country (ISO 3166-1)
GR,Greece,country (ISO 3166-1)
GS,South Georgia and the South Sandwich Islands,country (ISO 3166-1)
GT,Guatemala,country (ISO 3166-1)
GU,Guam,country (ISO 3166-1)
GW,Guinea-Bissau,country (ISO 3166-1)
GY,Guyana,country (ISO 3166-1)
HK,Hong Kong,country (ISO 3166-1)
HM,Heard Island and McDonald Islands,country (ISO 3166-1)
HN,Honduras,country (ISO 3166-1)
HR,Croatia,country (ISO 3166-1)
HT,Haiti,country (ISO 3166-1)
HU,Hungary,country (ISO 3166-1)
ID,Indonesia,country (ISO 3166-1)
IE,Ireland,country (ISO 3166-1)
IL,Israel,country (ISO 3166-1)
IM,Isle of Man,country (ISO 3166-1)
IN,India,country (ISO 3166-1)
IO,British Indian Ocean Territory,country (ISO 3166-1)
IQ,Iraq,country (ISO 3166-1)
IR,Iran,country (ISO 3166-1)
IS,Iceland,country (ISO 3166-1)
IT,Italy,country (ISO 3166-1)
JE,Jersey,country (ISO 3166-1)
JM,Jamaica,country (ISO 3166-1)
JO,Jordan,country (ISO 3166-1)
JP,Japan,country (ISO 3166-1)
KE,Kenya,country (ISO 3166-1)
KG,Kyrgyzstan,country (ISO 3166-1)
KH,Cambodia,country (ISO 3166-1)
KI,Kiribati,country (ISO 3166-1)
KM,Comoros,country (ISO 3166-1)
KN,Saint Kitts and Nevis,country (ISO 3166-1)
KP,North Korea,country (ISO 3166-1)
KR,South Korea,country (ISO 3166-1)
KW,Kuwait,country (ISO 3166-1)
KY,Cayman Islands,country (ISO 3166-1)
KZ,Kazakhstan,country (ISO 3166-1)
LA,Laos,country (ISO 3166-1)
LB,Lebanon,country (ISO 3166-1)
LC,Saint Lucia,country (ISO 3166-1)
LI,Liechtenstein,country (ISO 3166-1)
LK,Sri Lanka,country (ISO 3166-1)
LR,Liberia,country (ISO 3166-1)
LS,Lesotho,country (ISO 3166-1)
LT,Lithuania,country (ISO 3166-1)
LU,Luxembourg,country (ISO 3166-1)
LV,Latvia,country (ISO 3166-1)
LY,Libya,country (ISO 3166-1)
MA,Morocco,country (ISO 3166-1)
MC,Monaco,country (ISO 3166-1)
MD,Moldova,country (ISO 3166-1)
ME,Montenegro,country (ISO 3166-1)
MF,Saint Martin (French part),country (ISO 3166-1)
MG,Madagascar,country (ISO 3166-1)
MH,Marshall Islands,country (ISO 3166-1)
MK,North Macedonia,country (ISO 3166-1)
ML,Mali,country (ISO 3166-1)
MM,Myanmar,country (ISO 3166-1)
MN,Mongolia,country (ISO 3166-1)
MO,Macao,country (ISO 3166-1)
MP,Northern Mariana Islands,country (ISO 3166-1)
MQ,Martinique,country (ISO 3166-1)
MR,Mauritania,country (ISO 3166-1)
MS,Montserrat,country (ISO 3166-1)
MT,Malta,country (ISO 3166-1)
MU,Mauritius,country (ISO 3166-1)
MV,Maldives,country (ISO 3166-1)
MW,Malawi,country (ISO 3166-1)
MX,Mexico,country (ISO 3166-1)
MY,Malaysia,country (ISO 3166-1)
MZ,Mozambique,country (ISO 3166-1)
NA,Namibia,country (ISO 3166-1)
NC,New Caledonia,country (ISO 3166-1)
NE,Niger,country (ISO 3166-1)
NF,Norfolk Island,country (ISO 3166-1)
NG,Nigeria,country (ISO 3166-1)
NI,Nicaragua,country (ISO 3166-1)
NL,Netherlands,country (ISO 3166-1)
NO,Norway,country (ISO 3166-1)
NORDEL,Nordic electricity grid (NORDEL),region or alias (ILCD/EF)
NP,Nepal,country (ISO 3166-1)
NR,Nauru,country (ISO 3166-1)
NU,Niue,country (ISO 3166-1)
NZ,New Zealand,country (ISO 3166-1)
OCE,Oceania,region or alias (ILCD/EF)
OECD,OECD member countries,region or alias (ILCD/EF)
OM,Oman,country (ISO 3166-1)
PA,Panama,country (ISO 3166-1)
PE,Peru,country (ISO 3166-1)
PF,French Polynesia,country (ISO 3166-1)
PG,Papua New Guinea,country (ISO 3166-1)
PH,Philippines,country (ISO 3166-1)
PK,Pakistan,country (ISO 3166-1)
PL,Poland,country (ISO 3166-1)
PM,Saint Pierre and Miquelon,country (ISO 3166-1)
PN,Pitcairn,country (ISO 3166-1)
PR,Puerto Rico,country (ISO 3166-1)
PS,"Palestine, State of",country (ISO 3166-1)
PT,Portugal,country (ISO 3166-1)
PW,Palau,country (ISO 3166-1)
PY,Paraguay,country (ISO 3166-1)
QA,Qatar,country (ISO 3166-1)
RAF,Africa,region or alias (ILCD/EF)
RAS,Asia,region or alias (ILCD/EF)
RE,Réunion,country (ISO 3166-1)
RER,Europe,region or alias (ILCD/EF)
RLA,Latin America and the Caribbean,region or alias (ILCD/EF)
RME,Middle East,region or alias (ILCD/EF)
RNA,North America,region or alias (ILCD/EF)
RO,Romania,country (ISO 3166-1)
RS,Serbia,country (ISO 3166-1)
RU,Russian Federation,country (ISO 3166-1)
RW,Rwanda,country (ISO 3166-1)
RoW,Rest of the World,region or alias (ILCD/EF)
SA,Saudi Arabia,country (ISO 3166-1)
SB,Solomon Islands,country (ISO 3166-1)
SC,Seychelles,country (ISO 3166-1)
SD,Sudan,country (ISO 3166-1)
SE,Sweden,country (ISO 3166-1)
SG,Singapore,country (ISO 3166-1)
SH,"Saint Helena, Ascension and Tristan da Cunha",country (ISO 3166-1)
SI,Slovenia,country (ISO 3166-1)
SJ,Svalbard and Jan Mayen,country (ISO 3166-1)
SK,Slovakia,country (ISO 3166-1)
SL,Sierra Leone,country (ISO 3166-1)
SM,San Marino,country (ISO 3166-1)
SN,Senegal,country (ISO 3166-1)
SO,Somalia,country (ISO 3166-1)
SR,Suriname,country (ISO 3166-1)
SS,South Sudan,country (ISO 3166-1)
ST,Sao Tome and Principe,country (ISO 3166-1)
SV,El Salvador,country (ISO 3166-1)
SX,Sint Maarten (Dutch part),country (ISO 3166-1)
SY,Syria,country (ISO 3166-1)
SZ,Eswatini,country (ISO 3166-1)
TC,Turks and Caicos Islands,country (ISO 3166-1)
TD,Chad,country (ISO 3166-1)
TF,French Southern Territories,country (ISO 3166-1)
TG,Togo,country (ISO 3166-1)
TH,Thailand,country (ISO 3166-1)
TJ,Tajikistan,country (ISO 3166-1)
TK,Tokelau,country (ISO 3166-1)
TL,Timor-Leste,country (ISO 3166-1)
TM,Turkmenistan,country (ISO 3166-1)
TN,Tunisia,country (ISO 3166-1)
TO,Tonga,country (ISO 3166-1)
TR,Türkiye,country (ISO 3166-1)
TT,Trinidad and Tobago,country (ISO 3166-1)
TV,Tuvalu,country (ISO 3166-1)
TW,Taiwan,country (ISO 3166-1)
TZ,Tanzania,country (ISO 3166-1)
UA,Ukraine,country (ISO 3166-1)
UCTE,Union for the Coordination of the Transmission of Electricity,region or alias (ILCD/EF)
UG,Uganda,country (ISO 3166-1)
UK,United Kingdom,region or alias (ILCD/EF)
UM,United States Minor Outlying Islands,country (ISO 3166-1)
US,United States,country (ISO 3166-1)
UY,Uruguay,country (ISO 3166-1)
UZ,Uzbekistan,country (ISO 3166-1)
VA,Holy See (Vatican City State),country (ISO 3166-1)
VC,Saint Vincent and the Grenadines,country (ISO 3166-1)
VE,Venezuela,country (ISO 3166-1)
VG,"Virgin Islands, British",country (ISO 3166-1)
VI,"Virgin Islands, U.S.",country (ISO 3166-1)
VN,Vietnam,country (ISO 3166-1)
VU,Vanuatu,country (ISO 3166-1)
WEU,Western Europe,region or alias (ILCD/EF)
WF,Wallis and Futuna,country (ISO 3166-1)
WS,Samoa,country (ISO 3166-1)
XK,Kosovo,region or alias (ILCD/EF)
YE,Yemen,country (ISO 3166-1)
YT,Mayotte,country (ISO 3166-1)
ZA,South Africa,country (ISO 3166-1)
ZM,Zambia,country (ISO 3166-1)
ZW,Zimbabwe,country (ISO 3166-1)
